{"_timestamp":1.731091461585875e+09,"train_average_time":708.0547267851156,"train_throughput":2200.375,"_runtime":239.334617626,"_step":2880,"targets":-145.67088317871094,"loss":17210.185546875,"reward":-0.09423673897981644,"actor_loss":0.05493712052702904,"Train Reward":-271.40176335937497,"values":-0.19594167172908783,"train_average_delay":520.5909048271164,"_wandb":{"runtime":239},"train_average_wait_time":439.71547100234665,"critic_loss":34420.26171875,"grad_norm":1087.6259765625}