{"_step":17280,"train_throughput":2186.350736593081,"_runtime":855.663740522,"critic_loss":36277.85546875,"_timestamp":1.7310931999646015e+09,"train_average_wait_time":445.48001950025747,"Train Reward":-274.88400190625,"actor_loss":0.02198493294417858,"_wandb":{"runtime":873},"grad_norm":1032.3876953125,"train_average_delay":525.895604721555,"reward":-0.09501371532678604,"train_average_time":712.5061818981698,"values":-0.05644252151250839,"loss":18138.94921875,"targets":-146.7509002685547}