{"_wandb":{"runtime":435},"train_average_wait_time":302.42943345625207,"_timestamp":1.730844284551997e+09,"Train Reward":-3699.5694505,"Test Reward":-462.21516274999993,"_runtime":435.8909458,"test_average_delay":412.00299276396703,"train_average_delay":393.15803675284855,"test_average_wait_time":320.4267515923567,"train_throughput":2384,"test_average_time":615.289306067717,"test_throughput":2384,"_step":2880,"train_average_time":597.4555816292324}