{"_timestamp":1.7308496607123735e+09,"train_average_time":706.4810593362387,"_wandb":{"runtime":441},"train_average_delay":518.5370143106826,"Train Reward":-550.3343013437492,"_step":2880,"train_average_wait_time":441.0891719745223,"test_average_time":718.9242373449547,"test_average_wait_time":463.91384512236004,"_runtime":441.92900045,"Test Reward":-553.0882967499999,"test_throughput":2144,"train_throughput":2205,"test_average_delay":537.2365560267799}