{"_wandb":{"runtime":171},"test_average_delay":509.94261621173655,"Test Reward":-532.2528804999998,"train_average_time":752.6912504190412,"train_average_delay":567.7972720900154,"_step":2520,"Train Reward":-548.5710501071434,"test_average_time":695.7693597049949,"_timestamp":1.7308567210363433e+09,"train_average_wait_time":491.91384512236004,"train_throughput":2109,"test_throughput":2215,"_runtime":171.712637064,"test_average_wait_time":428.88803218236677}