{"_timestamp":1.730847873844342e+09,"_wandb":{"runtime":443},"test_average_wait_time":521.27153871941,"_runtime":443.787038927,"Train Reward":-4765.493402999993,"train_average_delay":601.1387482808613,"test_throughput":2073,"_step":2880,"test_average_time":772.6221924237345,"train_throughput":2058,"train_average_wait_time":526.7609788803218,"train_average_time":774.1146496815287,"Test Reward":-599.0078709999997,"test_average_delay":595.8923181922241}