{"train_average_delay":536.0291003147343,"test_throughput":569,"test_average_time":1566.421052631579,"_runtime":458.426139968,"_wandb":{"runtime":458},"test_average_delay":1508.2669631186204,"_step":11520,"Test Reward":-1287.9986872499996,"train_throughput":2167,"train_average_wait_time":460.92591350988937,"Train Reward":-549.749941382812,"_timestamp":1.731431209577856e+09,"test_average_wait_time":1507.1237009721756,"train_average_time":721.8444518940664}