{"test_average_delay":556.308201525278,"_timestamp":1.7308449409655108e+09,"_wandb":{"runtime":362},"Test Reward":-566.82914475,"_step":2520,"test_throughput":2119,"train_average_time":745.7874622862889,"train_average_delay":573.2921426322212,"test_average_time":734.8092524304392,"Train Reward":-3936.2146725,"train_average_wait_time":510.0797854508884,"train_throughput":2089,"_runtime":362.503862641,"test_average_wait_time":489.11733154542407}