{"_step":720,"Train Reward":-634.7386031250003,"train_throughput":2020,"_wandb":{"runtime":200},"train_average_wait_time":566.0610124036206,"train_average_delay":636.6910230696161,"_timestamp":1.730853407058423e+09,"train_average_time":807.4699966476701,"_runtime":200.477893564}