{"Train Reward":-1152.640080194447,"train_average_wait_time":492.3142176330421,"_timestamp":1.7311200047246015e+09,"train_throughput":4202,"train_average_delay":571.1597297165257,"_wandb":{"runtime":148},"_step":2880,"_runtime":148.390887041,"train_average_time":704.8602065131056}