{"test_average_delay":562.5047384931297,"train_throughput":2067,"Train Reward":-602.0096541249999,"test_average_wait_time":486.05564867582973,"test_throughput":2158,"_wandb":{"runtime":234},"test_average_time":747.9192088501509,"_step":720,"train_average_time":773.8669125041904,"_runtime":234.199878867,"Test Reward":-576.71371175,"train_average_delay":596.3356006010918,"_timestamp":1.7308531178419845e+09,"train_average_wait_time":525.0080455916863}