{"Train Reward":-1246.8132903354585,"test_throughput":4150,"train_average_time":734.5294678316124,"train_average_wait_time":513.1072279586974,"_step":201960,"train_average_delay":599.0831810977455,"Test Reward":-1227.1215090833339,"_wandb":{"runtime":9009},"_timestamp":1.7311288670805895e+09,"test_average_delay":576.7968518145187,"test_average_time":711.914058776807,"test_average_wait_time":491.78125496425736,"_runtime":9009.522773779,"train_throughput":4120}