{"test_throughput":530,"_step":7560,"test_average_wait_time":1538.0164264163593,"_timestamp":1.7313834821279075e+09,"test_average_time":1592.081461615823,"test_average_delay":1538.8886762211737,"train_average_wait_time":444.49748575259804,"Train Reward":-547.1793771190463,"Test Reward":-1309.8959417500005,"train_average_time":711.8615487763996,"train_throughput":2180,"_wandb":{"runtime":286},"train_average_delay":526.534638353681,"_runtime":286.505765499}