{"Test Reward":-2355.9182735000063,"train_average_delay":550.9279742682328,"test_average_wait_time":499.8377472343279,"train_average_time":730.0931947703654,"Train Reward":-572.5601271500004,"_step":1800,"_runtime":132.271854352,"train_throughput":2109,"train_average_wait_time":483.6775058665773,"test_average_delay":563.519371691105,"_wandb":{"runtime":132},"test_throughput":2055,"_timestamp":1.7308564774339619e+09,"test_average_time":740.2460610124036}