{"train_throughput":2213,"test_throughput":2192,"test_average_time":708.8742876299028,"train_average_wait_time":437.75997318136103,"_wandb":{"runtime":444},"_timestamp":1.730848438455014e+09,"_step":2880,"Train Reward":-547.2073918437504,"test_average_wait_time":439.8980891719745,"train_average_time":707.3218236674488,"Test Reward":-Infinity,"test_average_delay":519.6309394573351,"train_average_delay":518.5364736129706,"_runtime":444.144012781}