{"actor_loss":0.04570542275905609,"train_green_times":0.3333333333333333,"targets":-147.79579162597656,"train_phase_skips":0.11111111111111112,"Train Reward":-275.7865331718749,"train_throughput":2183.8875,"grad_norm":1230.065673828125,"_wandb":{"runtime":424},"_timestamp":1.731089664151629e+09,"_step":8640,"train_average_time":710.3292532685216,"values":0.07538915425539017,"loss":17895.142578125,"train_average_delay":523.3213486037021,"reward":-0.09575922787189484,"critic_loss":35790.1953125,"_runtime":424.509806416,"train_average_wait_time":443.32880489440157,"train_green_skips":0.8145833333333334}