{"train_average_time":713.4962604323213,"grad_norm":1206.2398681640625,"train_average_delay":526.8803627827837,"targets":-144.90142822265625,"values":-0.7824987173080444,"_runtime":927.587709073,"critic_loss":34356.109375,"actor_loss":0.02731177769601345,"train_average_wait_time":447.15302447516353,"train_throughput":2185.655191077904,"reward":-0.09345894306898117,"loss":17178.08203125,"Train Reward":-279.30007067187495,"_timestamp":1.731090980159835e+09,"_step":17280,"_wandb":{"runtime":1069}}